Player,MP,3PA,3P%,2PA,2P%,eFG%,FTA,FT%,ORB,DRB,BLK,TOV,PS/G,% FG 3PT,%PTS 2PT MR,%PTS PITP,FGM %UAST,Drive FGA,Drive FG%,Drive PASS,Drive PASS%,SCREEN assists,DEFLECTIONS,LOOSE BALLS recovered,CHARGES drawn,C&S 3PA,C&S 3P%,C&S EFG%,AST PTS created,TOUCHES,TIME OF Pos,ELBOW touches,POST touches,PTS PER Elbow,PTS PER post,AVG SPEED OFF,AVG SPEED DEF
Alex Abrines,15.5,3.6,0.381,1.4,0.426,0.531,0.7,0.898,0.3,1,0.1,0.5,6,72.4,4.9,14.8,14.2,0.5,38.7,0.1,20.4,0.2,0.9,0.3,0.01,3.2,40.6,59.3,1.4,18.5,0.5,0.5,0.2,0.323,0.545,4.66,3.96
Steven Adams,29.9,0,0,8.2,0.572,0.571,3.2,0.611,3.5,4.2,1,1.8,11.3,0.7,17.3,82,33.2,0,100,0,0,3.4,1.9,1,0,0,0,42.2,2.8,35.7,0.9,2.1,6.6,0.229,0.835,4.3,3.77
Arron Afflalo,25.9,2.5,0.411,4.4,0.457,0.514,1.5,0.892,0.1,1.9,0.1,0.7,8.4,23.3,16.1,24.5,34.1,0.7,37.8,0.3,27.6,0.3,0.6,0.3,0,2.1,43,58.5,3.2,33.6,1.2,0.9,1.1,0.357,0.806,4.28,3.78
LaMarcus Aldridge,32.4,0.8,0.411,13.8,0.48,0.488,3.8,0.812,2.4,4.9,1.2,1.4,17.3,37.8,17.7,38.9,40.6,0.3,33.3,0.1,18.4,2.6,1.3,0.7,0,0.7,42.9,46.3,4.9,53.9,1.7,5.5,4,0.264,0.785,4.15,3.84
Tony Allen,27,0.8,0.278,7.6,0.479,0.473,1.8,0.615,2.3,3.2,0.4,1.4,9.1,3.7,12.4,76.8,42.3,2,42.6,0.6,21,0.6,3.3,1.2,0,0.7,30,41.6,3.1,35.3,1.5,0.7,2.9,0.481,0.749,4.09,4.03
Al-Farouq Aminu,29.1,3.5,0.33,4.2,0.445,0.468,2.2,0.706,1.3,6.1,0.7,1.5,8.7,4.5,18,38,33.3,1.7,37.7,1,26.9,1.8,1.7,0.8,0.02,3.3,33.8,51.4,4.1,42.5,1.1,0.9,1.1,0.286,0.779,4.52,3.77
Justin Anderson,16.4,2.6,0.299,3.3,0.522,0.49,1.7,0.791,0.9,2.3,0.3,0.9,7.1,1.9,19.2,46.2,33.3,1.3,52.6,0.6,25,0.1,1,0.5,0.07,2.1,30.8,44.6,2.2,29.2,0.9,0.7,0.7,0.551,0.556,4.68,3.85
Ryan Anderson,29.4,7,0.403,3.7,0.446,0.55,2.1,0.86,1.6,3,0.2,0.8,13.6,6.5,13.2,17.8,24.5,0.6,43.2,0.2,20.8,1.1,0.9,0.6,0.19,5.7,42.7,64,2.6,41.5,1,0.3,1.1,0.08,0.823,4.4,3.54
Giannis Antetokounmpo,35.6,2.3,0.272,13.5,0.563,0.541,7.7,0.77,1.8,7,1.9,2.9,22.9,9.3,25.7,57,55.8,4.1,51.1,2.7,30.7,1.1,2.7,1.4,0.03,1.3,28.8,40.8,13.5,81.8,5,3.9,3.7,0.265,1.064,4.46,3.6
Carmelo Anthony,34.3,5.7,0.359,13.1,0.466,0.488,4.9,0.833,0.8,5.1,0.5,2.1,22.4,36.4,18.3,18,57.5,0.9,48.4,0.2,13.9,0.9,1.8,0.7,0,3.5,42.6,58.6,6.8,60.4,2.8,4.7,1.5,0.637,0.718,4.05,3.54
Trevor Ariza,34.7,6.9,0.344,3,0.556,0.528,1.6,0.738,0.7,5.1,0.3,0.9,11.7,2.1,9.9,26.7,18.4,1.2,44.7,1.4,46.3,0.3,3.1,1,0.1,5.6,35.5,53.1,5.5,44,1.1,0.5,1,0.293,0.451,4.14,3.83
D.J. Augustin,19.7,3.5,0.347,3.1,0.412,0.469,2.1,0.814,0.2,1.3,0,1.2,7.9,12.3,21.3,20.1,53.8,1.2,41.3,1,36,0.3,0.7,0.6,0.12,1.9,40.4,59.8,6.4,43.5,3.6,0.4,0.1,0.121,1,4.42,3.64
Luke Babbitt,15.7,3.1,0.414,1,0.366,0.557,0.2,0.733,0.2,1.9,0.2,0.4,4.8,8.6,3.4,7.4,11.5,0.2,12.5,0.3,51.1,0.5,0.6,0.3,0,2.9,41.3,60.9,1.3,26.8,0.5,0.3,0.3,0.2,0.111,5.08,3.88
Ron Baker,16.5,1.7,0.267,2.5,0.45,0.431,0.8,0.651,0.2,1.7,0.2,1.1,4.1,14.9,13,40,48.8,0.9,33.3,1,41.7,0.2,1.6,0.6,0.04,1.3,25.8,39,4.9,33.8,2.1,0.7,0.4,0.237,0.421,4.88,4.07
Harrison Barnes,35.5,2.8,0.351,13.4,0.492,0.498,3.6,0.861,1.2,3.8,0.2,1.3,19.2,28.1,15.9,40.6,49.9,2.6,48.5,0.7,17.9,1.6,1.7,0.9,0,2.3,36.5,50.7,4,52.9,2,2.5,2.1,0.553,1.019,4.51,3.91
Matt Barnes,24,3.6,0.331,2.8,0.467,0.483,1.2,0.787,0.9,4.2,0.4,1.4,7.1,6.1,13.3,31.1,18.4,0.6,34.9,0.4,34.1,0.6,1.6,0.5,0.01,3,33.8,49.4,6.1,47.5,1.2,1.9,1.4,0.144,0.708,4.71,3.85
Will Barton,28.4,3.9,0.37,7.2,0.483,0.508,3.2,0.753,1,3.4,0.5,1.6,13.7,8.5,17.4,42.2,53.9,3.1,45.9,1.4,24.9,0.1,1.6,0.6,0,2.5,35.4,52.2,8.4,46,2.5,0.5,0.9,0.733,0.885,4.57,3.69
Nicolas Batum,34,5.3,0.333,7.4,0.453,0.472,3.7,0.856,0.6,5.6,0.4,2.5,15.1,23,20.9,21.3,40.2,1.4,53.8,0.8,30.6,0.2,2.1,0.7,0.01,3.9,34.9,50.3,14,64,2.5,1.5,1,0.381,0.633,4.67,3.97
Aron Baynes,15.5,0,0,3.7,0.513,0.513,1.3,0.84,1.5,3,0.5,0.7,4.9,13.7,21.6,64.7,26.6,0,0,0,33.3,2.8,0.4,0.3,0.17,0,0,46.2,1,15.8,0.4,1.5,2.6,0.248,0.918,4.11,3.87
Kent Bazemore,26.9,3.6,0.346,6.2,0.446,0.473,2.3,0.708,0.6,2.5,0.7,1.7,11,18,14.9,32.7,37.6,2.1,36,1.5,34.3,0.3,2.7,0.7,0.1,2.7,35.2,50.7,5.6,41.7,1.6,0.6,0.9,0.341,0.791,4.59,3.99
Bradley Beal,34.9,7.2,0.404,10,0.538,0.566,4.4,0.825,0.7,2.4,0.3,2,23.1,15.2,15.9,31.4,40.2,3.3,50,1.9,29.5,0.2,2.5,1.3,0.08,4.8,42.5,62.4,7.9,53.2,2.5,2.7,1,0.429,1.013,4.52,3.79
Michael Beasley,16.7,0.8,0.419,6.5,0.545,0.554,1.9,0.743,0.7,2.7,0.5,1.2,9.4,24.2,14.8,50.8,41.7,1.6,52.9,0.3,14.1,0.2,1,0.5,0,0.7,44.7,55.7,2.3,27.9,0.8,1.2,1.6,0.522,0.833,4.5,4.01
Marco Belinelli,24,3.8,0.36,4.5,0.488,0.512,2.3,0.893,0.2,2.2,0.1,0.9,10.5,23.3,19.2,18.2,25.4,0.5,46.2,0.6,45.6,0.1,1.2,0.4,0.01,2.4,39.2,53.3,4.8,30.6,1.1,1.1,1.1,0.353,0.949,4.94,3.87
Patrick Beverley,30.7,4.3,0.382,3.8,0.463,0.521,1.4,0.768,1.4,4.4,0.4,1.5,9.5,3.4,11.4,33.5,44.3,2.3,44.2,3,49.5,0.7,3.1,1.6,0.33,3.1,40.1,59.5,10.4,49.7,3,0.3,0.5,0.1,0.314,4.73,4.09
Bismack Biyombo,22.1,0,0,4.2,0.528,0.528,2.9,0.534,1.9,5.1,1.1,1.2,6,4.1,25.9,70,18.4,0,0,0,0,3,0.7,0.7,0,0,0,25,2.2,39.1,0.9,2.7,4,0.155,0.792,4.31,3.88
Nemanja Bjelica,18.3,2.7,0.316,2.8,0.531,0.503,0.9,0.738,0.9,2.9,0.3,0.9,6.2,2.5,11.2,44.7,31.1,1.2,48.8,0.4,17.8,0.7,1.3,0.6,0.03,2.4,33.5,50.3,3,34.3,0.8,0.4,0.7,0.222,1,4.5,3.87
Tarik Black,16.3,0,0.5,4.4,0.51,0.512,1.6,0.752,2.1,3,0.7,0.9,5.7,1.6,21.4,76.2,32,0.1,33.3,0.1,30.8,2.4,1,0.5,0.1,0,0,27.3,1.5,25.7,0.6,1.9,3.2,0.185,0.888,4.76,3.88
Eric Bledsoe,33,4.7,0.335,11,0.477,0.485,6.9,0.847,0.8,4.1,0.5,3.4,21.1,13.1,27.9,36.5,79.3,4.7,53.4,3.7,35.6,0.1,2.7,1.2,0.17,1.9,37.9,53.6,15.2,87.9,6.7,1.2,0.8,0.329,0.313,4.63,3.84
Bojan Bogdanovic,25.7,4.8,0.367,5.6,0.512,0.53,3,0.893,0.5,3,0.1,1.6,13.7,7.2,19.5,34.5,33.2,2.3,47.8,1,24.8,0.1,0.8,0.7,0.01,3.6,39,57.7,3.3,36.1,1.4,1,0.9,0.723,1.015,4.67,3.89
Devin Booker,35,5.2,0.363,13.2,0.447,0.475,5.7,0.832,0.6,2.6,0.3,3.1,22.1,22.9,21.3,30.2,56.3,3.1,41.2,1.3,22.1,0.4,1.5,0.9,0.01,3.2,35.5,48.8,8.4,58.4,3.2,1.9,1,0.476,0.526,4.49,3.69
Trevor Booker,24.7,1.1,0.321,7.2,0.546,0.537,1.5,0.673,2,6,0.4,1.8,10,8.2,10.4,70.8,51.8,1.5,48.1,0.8,30.1,2.1,1.8,0.9,0.03,0.6,33.3,46.2,5.2,58.1,1.6,2.1,2.6,0.331,0.761,4.72,3.94
Avery Bradley,33.4,5,0.39,9.1,0.504,0.533,1.7,0.731,1.2,4.9,0.2,1.6,16.3,20.4,7.6,35.8,32.6,1.8,44.9,0.7,24,0.4,2.7,1.3,0,3.4,37.8,52.1,5.3,51.5,1.9,1.5,1.6,0.366,1.148,4.39,4.11
Corey Brewer,15.6,1.4,0.229,2.8,0.522,0.461,0.8,0.735,0.4,1.6,0.2,0.7,4.5,4.9,13.5,59.8,33.3,1.1,43.5,0.3,20,0.1,1.6,0.5,0.02,1.3,23.1,35.6,2.9,17.3,0.5,0.2,0.5,0.111,0.85,4.5,4.05
Malcolm Brogdon,26.4,2.6,0.404,5.9,0.48,0.518,1.7,0.865,0.6,2.2,0.2,1.5,10.2,9.1,14.2,46.2,45.5,2.6,51,2.6,44.1,0.5,1.8,0.8,0,1.9,43.6,61.4,10.1,57.4,4,0.9,1.4,0.261,0.588,4.69,3.75
Jaylen Brown,17.2,1.7,0.341,3.7,0.507,0.508,1.6,0.685,0.6,2.2,0.2,0.9,6.6,6.6,16.5,50.1,29.7,1,39.2,0.5,25,0.2,1,0.5,0,1.5,36.5,53.7,2,21.8,0.6,0.2,1.5,0.053,0.871,4.68,4.14
Jimmy Butler,37,3.3,0.367,13.2,0.477,0.492,8.9,0.865,1.7,4.5,0.4,2.1,23.9,20,32.2,32.7,59.1,3.6,50.6,3.7,38.9,0.4,3.6,1.4,0.09,1.5,40.2,55.2,12.8,69.8,5,1.8,2.6,0.409,0.68,4.45,3.89
Kentavious Caldwell-Pope,33.3,5.8,0.35,6.5,0.442,0.481,2.4,0.832,0.7,2.5,0.2,1.1,13.8,19.5,14.7,22,36.8,1.3,42.9,0.4,19.6,0.1,2.3,1,0.07,3.7,37.4,55.8,5.9,41,1.4,1.5,0.5,0.395,0.649,4.61,3.85
Clint Capela,23.9,0,0,8.7,0.643,0.643,2.7,0.531,2.7,5.4,1.2,1.3,12.6,0.5,11.5,88,17.4,0.3,30,0.1,15.6,2.5,0.9,0.9,0.09,0,0,50,2.8,43.8,0.9,2.6,6.1,0.271,1.242,4.6,3.79
DeMarre Carroll,26.1,4.4,0.341,3.2,0.483,0.499,1.6,0.761,0.9,2.9,0.4,0.8,8.9,6.6,13.9,28.2,23.2,0.8,31.7,0.3,19.8,0.5,2.4,0.7,0.04,4,33.4,50.2,2.5,30.6,0.8,0.3,0.8,0.545,0.946,4.22,3.99
Vince Carter,24.6,4.1,0.378,2.7,0.418,0.508,1.6,0.765,0.5,2.6,0.5,0.7,8,6.1,15,21.5,29.5,0.8,46.8,0.5,30.4,0.5,1.6,0.5,0.04,3.2,40,59.1,4.2,35.2,1,1.6,0.6,0.325,0.783,4.16,3.61
Willie Cauley-Stein,18.9,0,0,6.4,0.532,0.53,2,0.669,1.1,3.4,0.6,0.9,8.1,9.8,16.5,73.6,27.5,0.4,38.7,0.1,8.2,1.4,1.4,0.7,0.01,0,0,33.3,2.5,27.3,0.8,4.4,3.8,0.281,0.933,4.45,3.99
Wilson Chandler,30.9,4.6,0.337,8.6,0.527,0.52,2.7,0.727,1.5,5,0.4,1.6,15.7,11.3,12.6,46.6,39.7,3.2,49.3,1.5,27.2,0.5,1.4,0.6,0,3.5,34.4,50.6,5,48.5,1.8,0.8,2,0.283,0.928,4.27,3.65
Marquese Chriss,21.3,2.7,0.321,5,0.52,0.506,2.2,0.624,1.2,3.1,0.9,1.3,9.2,6.1,15,50.2,26.1,0.7,34,0.2,13.6,1.2,1.6,0.5,0.05,2.6,32.2,47.7,1.6,35.3,0.7,1.3,1.8,0.35,1.054,4.8,3.93
Jordan Clarkson,29.2,4.3,0.329,8.7,0.503,0.5,2,0.798,0.6,2.4,0.1,2,14.7,14.9,11.1,44.8,61.8,3.8,51.9,1.5,23.9,0.2,1.9,1.1,0.01,2.4,34.7,51,6,47.8,2.9,0.7,0.8,0.636,0.765,4.67,3.94
Darren Collison,30.3,2.6,0.417,7.9,0.495,0.527,2.5,0.86,0.3,1.9,0.1,1.7,13.2,25.8,16.3,33.6,55.6,2.4,47,1.3,30.1,0.3,2,0.9,0.03,1.7,47,65.2,11.2,74.7,5.6,0.8,0.8,0.418,0.731,4.36,3.86
Mike Conley,33.2,6.1,0.408,8.6,0.497,0.545,5.3,0.859,0.4,3,0.3,2.3,20.5,13,22.3,28.4,62.5,3.9,50.4,2.3,29.7,0.3,2.5,1.5,0.1,2.4,43.9,61.7,15,84.1,7.1,1.6,0.3,0.505,0.5,4.58,3.73
DeMarcus Cousins,34.2,5,0.361,14.8,0.483,0.498,9.3,0.772,2.1,8.9,1.3,3.7,27,9.5,26.6,43.7,50.1,4.3,49.8,1.2,16.3,1.9,3.4,1.2,0.35,4.1,36.7,52.4,11.2,79.7,3.1,8.8,4.3,0.201,0.843,3.62,3.46
Robert Covington,31.6,6.1,0.333,4.8,0.484,0.492,2.6,0.822,1.4,5.1,1,2,12.9,3,16.6,32.9,21.2,1.9,43.4,1,26.5,0.5,4.2,0.9,0.04,5.6,33.1,48.5,3.9,50.3,1.1,0.9,1.2,0.206,0.888,4.6,3.82
Allen Crabbe,28.5,3.8,0.444,4.4,0.49,0.572,1.6,0.847,0.2,2.6,0.3,0.8,10.7,17.5,12.4,22.5,13.9,0.8,43.9,0.4,27.2,0.3,1.4,0.7,0,3.5,46.4,62.8,2.9,32.5,0.7,1,0.7,0.6,0.672,4.73,3.86
Jamal Crawford,26.3,3.9,0.36,6.7,0.443,0.479,2.5,0.857,0.2,1.4,0.2,1.6,12.3,28,17.3,20.2,66,1.8,43.2,0.4,14.2,0.1,1.5,0.5,0,1.9,35,50.6,6.2,41,2.5,0.5,0.1,0.452,0.444,4.19,3.67
Jae Crowder,32.4,5.5,0.398,4.5,0.54,0.572,3,0.811,0.7,5.1,0.3,1.1,13.9,10.8,17.6,24.4,15.6,0.6,59.5,0.3,19.6,0.8,2.5,0.9,0.06,4.3,41,57.9,5.3,49.9,1.2,0.3,1.8,0.16,1.008,4.41,3.8
Dante Cunningham,25,2.7,0.392,2.7,0.579,0.584,0.4,0.593,0.8,3.3,0.4,0.4,6.6,10.1,3.7,37.2,13.2,0.3,47.4,0,4,0.6,1.2,0.6,0,2.6,40.5,58.5,1.4,27.8,0.5,0.8,1.1,0.245,0.943,4.89,4.06
Seth Curry,29,4.6,0.425,5.4,0.528,0.578,1.4,0.85,0.4,2.2,0.1,1.3,12.8,18.3,9.5,26.5,56.2,2.3,58.2,0.9,24.1,0.3,2.3,0.8,0.11,3.1,40.6,59.9,6.5,52.1,3.8,0.5,0.3,0.182,0.318,4.45,3.91
Stephen Curry,33.4,10,0.411,8.3,0.537,0.58,4.6,0.898,0.8,3.7,0.2,3,25.3,10,16.3,25.1,47.7,3,57.4,2.3,36.4,1.4,3.3,1.5,0.1,4.5,46,67.4,15.5,78.6,5,1.3,2,0.592,0.559,5.13,3.77
Troy Daniels,17.7,5.3,0.389,2.1,0.336,0.513,0.8,0.796,0.3,1.2,0.1,0.7,8.2,12,7.8,5.1,20,0.4,25,0.1,21.4,0.1,0.6,0.5,0.1,4.1,37.6,54.2,1.7,23.5,0.7,1.1,0.2,0.292,0.545,4.58,3.89
Anthony Davis,36.1,1.8,0.299,18.6,0.524,0.518,8.6,0.802,2.3,9.5,2.2,2.4,28,23.3,24.7,46.2,33.8,2.2,53.3,0.4,11.1,3.3,2.4,1.1,0.12,1.7,30.2,45.2,5.2,74,2.2,6.6,3.9,0.587,1.102,4.31,3.54
Dewayne Dedmon,17.5,0,0,3.4,0.622,0.622,1.2,0.699,1.7,4.8,0.8,0.8,5.1,4.1,16.8,79.1,29.8,0,0,0,60,1.7,1,0.5,0.01,0,0,40.9,1.3,24,0.5,1.9,2.5,0.199,1.026,4.49,3.76
Sam Dekker,18.4,2.4,0.321,3.1,0.591,0.543,0.9,0.559,1.2,2.5,0.3,0.5,6.5,2.8,7.5,54,20.2,1,36.5,0.4,23.8,0.3,1,0.6,0.01,2.1,32.9,49.4,2.4,25.1,0.5,0.1,0.9,0.545,0.973,5.1,4.04
Malcolm Delaney,17.1,1.5,0.236,3.8,0.428,0.407,1.3,0.806,0.1,1.5,0,1.3,5.4,47.1,19.2,13.8,64.8,0.8,34.5,0.6,35.5,0.2,1.3,0.5,0.21,1.1,24.1,36.7,6.4,37.1,2.8,0.2,0.1,0,0.6,4.46,3.74
Matthew Dellavedova,26.1,2.8,0.367,4.2,0.404,0.463,1.3,0.854,0.3,1.6,0,1.8,7.6,11.4,14.2,33.3,48.1,1.9,40.1,1.6,39.7,0.9,1.2,0.6,0.07,2.1,37.6,54.5,10.9,54.3,3.8,0.5,0.5,0.105,0.474,4.75,3.75
Luol Deng,26.5,2.9,0.309,4.6,0.436,0.447,1.1,0.73,1.1,4.1,0.4,0.8,7.6,10.8,10.8,42.4,33.5,1,48.3,0.3,19.8,0.3,1.3,0.6,0.04,2.2,32.8,43.9,3.2,38.3,1.1,0.9,1.3,0.294,0.479,4.66,3.91
DeMar DeRozan,35.4,1.7,0.266,19.2,0.484,0.477,8.7,0.842,0.9,4.3,0.2,2.4,27.3,30.5,27,37.6,78.2,5.7,54.9,2.7,26.2,0.1,1.9,1.2,0.04,1.1,31.2,42,9.8,64.9,5,1.7,0.2,0.449,0.333,4.42,3.58
Boris Diaw,17.6,1.1,0.247,3.4,0.512,0.477,0.5,0.743,0.6,1.5,0.1,1.2,4.6,11.8,7.7,62.7,54.8,0.9,58.2,0.5,30,1.1,0.5,0.3,0,1,25.7,34.8,5.7,35.1,1.1,2.4,1.2,0.034,0.455,4.37,3.67
Gorgui Dieng,32.4,0.5,0.372,7.5,0.511,0.514,2,0.814,2.3,5.6,1.2,1.3,10,29.2,16.7,48.3,21.1,0.2,60,0.1,29.2,3.3,2.6,1,0.26,0.4,42.9,48.1,4.6,49.7,1,3.8,4,0.239,0.827,4.27,3.83
Spencer Dinwiddie,22.6,1.7,0.376,3.4,0.478,0.507,2.7,0.792,0.5,2.3,0.4,1.1,7.3,13.4,29.2,31,67.9,1.5,51.7,1.6,41,0.3,1.5,0.7,0.02,0.7,46.2,70.7,7.8,45.2,3.1,0.1,0.2,0.143,0.417,4.55,3.78
Goran Dragic,33.7,4,0.405,11.4,0.499,0.527,5.2,0.79,0.8,3,0.2,2.9,20.3,14.8,20.1,41.4,69.7,4.9,52.8,5.5,45.9,0.4,2,1.1,0.05,2.3,40.4,58.3,14.2,83.9,7.1,1.6,1.3,0.342,0.367,4.82,3.85
Andre Drummond,29.7,0.1,0.286,11.2,0.532,0.531,4.4,0.386,4.3,9.5,1.1,1.9,13.6,7.2,12.4,79.8,39.8,0.4,33.3,0,7.5,4.3,2.9,0.9,0.02,0.1,20,43,2.7,45.6,1.3,2.5,6.9,0.161,0.952,4.12,3.9
Jared Dudley,21.3,3.2,0.379,2.2,0.559,0.565,1,0.662,0.5,3,0.3,1.1,6.8,16.6,9.9,20.3,19.7,0.4,53.8,0.6,47,1.2,1.5,0.4,0.22,3,37,54.1,4.3,47.7,0.9,1.4,0.7,0.239,0.587,4.65,3.53
Mike Dunleavy,15.9,2.5,0.396,1.6,0.465,0.543,0.8,0.8,0.3,1.8,0.1,0.5,5.2,7.3,13.1,21.8,11.8,0.4,31.6,0.1,12.5,0.2,0.6,0.3,0.08,2.1,42,59.6,2.4,19.9,0.5,0.5,0.8,0.25,0.878,4.82,3.88
Kris Dunn,17.1,0.9,0.288,3.1,0.404,0.411,0.8,0.61,0.3,1.8,0.5,1.1,3.8,25.9,12.3,40.3,64.4,0.8,40,0.6,35.3,0.1,2.2,0.7,0,0.7,24.5,37.1,5.7,35,2.6,0.3,0.4,0.192,0.294,4.63,4.2
Kevin Durant,33.4,5,0.375,11.5,0.608,0.594,6.2,0.875,0.6,7.6,1.6,2.2,25.1,15.8,21.6,40,38.3,2.4,63.9,0.6,13.9,1,2.2,0.9,0.05,3.4,42.5,63.7,12,61.1,2.5,3.3,1.9,0.593,1.069,4.54,3.51
Wayne Ellington,24.2,6.4,0.378,2.6,0.509,0.55,0.7,0.86,0.3,1.8,0.1,0.5,10.5,17.3,5.7,8,13,0.2,50,0.3,59.4,0.2,1.1,0.7,0,4.9,38.3,56.6,2.8,28,0.7,1.1,0.3,0.627,0.375,4.59,3.88
Monta Ellis,27,1.8,0.319,5.7,0.483,0.482,1.7,0.727,0.3,2.5,0.4,1.8,8.5,21.3,14.8,43.5,57.9,2.1,51.9,1.6,35.3,0.1,2.2,1,0.11,1.5,32.1,47.4,7.7,41.6,2,0.9,0.6,0.238,0.419,4.35,3.81
James Ennis,23.5,2.1,0.372,2.9,0.516,0.534,1.7,0.782,1.1,3,0.3,0.9,6.7,3.7,20,40.6,26.7,0.7,38.3,0.3,21.6,0.4,1.5,0.8,0.03,1.8,38.1,55,2.5,24.7,0.7,0.5,0.9,0.258,0.8,4.42,4.15
Dante Exum,18.6,2.3,0.295,3.2,0.519,0.488,1.1,0.795,0.5,1.5,0.2,1.2,6.2,3.4,14.1,50.5,49.7,2.1,51.8,1.3,30.8,0.2,0.8,0.7,0.03,1.9,33.1,50,4,33.4,2,0.3,0.6,0.111,0.789,4.56,4.14
Kenneth Faried,21.2,0.1,0,6.7,0.556,0.548,3.1,0.693,3,4.6,0.7,1,9.6,2.4,22.3,75.3,37.3,0.2,50,0,7.7,1.8,1.2,0.7,0.33,0.1,0,20.8,2.2,31.6,0.7,1.2,3.8,0.5,0.943,4.56,3.9
Cristiano Felicio,15.8,0,0,3.3,0.579,0.579,1.4,0.645,1.9,2.8,0.3,0.5,4.8,6.3,19,74.7,35.2,0.2,30,0,20,2,0.6,0.5,0,0,0,30.8,1.6,23.2,0.5,1.6,1.9,0.132,1.048,4.52,3.97
Raymond Felton,21.3,1.8,0.319,4.6,0.473,0.475,0.8,0.781,0.4,2.3,0.3,1,6.7,19,9.3,46.1,65.2,2.2,49.7,1,27.8,0.1,1.8,0.8,0.01,1.1,35.7,53.4,5.8,42.2,2.7,0.3,0.4,0.074,0.172,4.29,4.14
Dorian Finney-Smith,20.3,2.4,0.293,1.8,0.479,0.456,0.8,0.754,0.7,2.1,0.3,0.6,4.3,4.6,13.1,34.3,21,0.6,39.2,0.5,35,0.2,1.1,0.4,0,2.3,30,44.4,2.3,24.6,0.6,0.3,0.6,0.148,0.959,4.46,4.1
Evan Fournier,32.9,5.3,0.356,8.4,0.491,0.508,4.1,0.805,0.6,2.4,0.1,2.1,17.2,8.9,19.1,39.1,41.2,3.7,49,1.8,27,0.4,2,1.2,0.06,3.7,37.2,54.3,6.9,47.1,2.2,1.2,0.8,0.488,1.111,4.64,3.88
Randy Foye,18.6,2.9,0.33,1.8,0.418,0.466,0.9,0.857,0.1,2.1,0.1,1.2,5.2,4.5,15.1,24.1,45.8,1.1,43.6,1.1,42.1,0.1,0.9,0.5,0.04,1.9,36.2,53,5,31.1,1.7,0.1,0.3,0.222,0.2,4.4,3.84
Tim Frazier,23.5,2,0.313,4.2,0.446,0.453,2,0.76,0.5,2.1,0.1,1.6,7.1,12.9,21.1,40.1,64.4,1.9,46.4,1.8,39.1,0.2,1.7,0.8,0.17,0.9,31.1,43,11.8,57.9,4.2,0.3,0.7,0.105,0.354,4.7,3.9
Channing Frye,18.9,4.5,0.409,2.5,0.546,0.589,1,0.851,0.5,3.4,0.5,0.7,9.1,12.7,9.3,17.2,7.1,0.3,52.4,0.1,21.9,1.4,0.8,0.2,0.04,4.3,41.8,61.5,1.6,33.3,0.7,1.2,1.3,0.267,0.896,4.2,3.53
Danilo Gallinari,33.9,5.1,0.389,6.8,0.491,0.531,6.1,0.902,0.6,4.5,0.2,1.3,18.2,13.8,30.5,22.7,32.8,1.5,55.6,0.7,22.5,0.3,1.1,0.8,0.13,4.2,40.9,57.6,5,49.5,1.9,1.2,2,0.583,1.05,4.43,3.52
Langston Galloway,20.2,4.2,0.39,3.2,0.367,0.49,0.9,0.797,0.4,1.7,0.1,0.6,7.9,18.5,8.7,11.3,27.5,0.6,28.6,0.1,17.5,0.1,1.4,0.6,0.03,3.4,42.7,61.4,3.1,29.8,1.4,0.7,0.3,0.275,0.1,4.5,3.91
Marc Gasol,34.2,3.6,0.388,12.1,0.48,0.503,4.5,0.837,0.8,5.5,1.3,2.2,19.5,22.3,19.2,36.9,35,1,51.4,0.2,15.5,3,1.7,0.7,0.05,3.4,39.6,51.3,11.2,74.5,2.4,10.9,5.4,0.24,0.701,3.81,3.36
Pau Gasol,25.4,1.6,0.538,7.8,0.494,0.548,2.9,0.707,1.7,6.2,1.1,1.3,12.4,24.2,16.4,38.1,27.1,0.7,48.9,0,4.8,2.6,0.8,0.4,0,1.6,54.4,61.4,5.5,55.7,1.3,4.5,3,0.248,0.813,4.34,3.7
Paul George,35.9,6.6,0.393,11.4,0.501,0.534,5,0.898,0.8,5.8,0.4,2.9,23.7,26.7,18.9,21.4,48.7,2.2,49.7,2,37.6,0.6,3.2,1.4,0.09,4.8,42,60.1,8.1,62.7,3.1,3.3,0.9,0.48,0.844,4.45,3.81
Taj Gibson,25.5,0.2,0.231,8.9,0.52,0.517,2,0.715,2,4.2,0.8,1.3,10.8,13.9,13.4,71.6,34.2,0.3,47.6,0.1,21.2,1.3,0.9,0.6,0.03,0.2,23.1,37.8,2.2,50.8,1.2,3.2,4.7,0.371,0.841,4.41,3.79
Manu Ginobili,18.7,3.3,0.392,3.1,0.387,0.491,1.6,0.804,0.4,1.9,0.2,1.4,7.5,5.4,16.6,26.3,37.4,1.4,44.3,0.8,30.5,0.3,2.1,0.8,0.14,2.4,39.1,55.7,6.4,32,1.4,0.5,0.4,0.235,0.633,4.43,3.72
Rudy Gobert,33.9,0,0,7.7,0.662,0.661,5.9,0.653,3.9,8.9,2.6,1.8,14,0.4,27.4,72.3,25.9,0.3,47.6,0.1,22.7,6.2,1.6,0.6,0.02,0,0,50,3,61.6,1.4,4.6,6.3,0.137,1.1,4.53,3.84
Aaron Gordon,28.7,3.3,0.288,7.5,0.528,0.499,2.7,0.719,1.5,3.6,0.5,1.1,12.7,13.5,15.3,48.5,43,1.4,43.2,0.6,24,0.5,1.4,0.7,0.06,2.4,31.2,45.2,4.5,39.6,1.4,1,2.4,0.5,0.968,4.83,3.98
Eric Gordon,31,8.8,0.372,4.7,0.468,0.527,2.3,0.84,0.4,2.3,0.5,1.6,16.2,2.5,12.1,24.8,31.8,2.9,45.9,1.3,25.5,0.2,1.2,0.7,0.04,6.6,36.4,54.7,6.1,41.1,1.5,1.1,0.4,0.39,0.69,4.31,3.61
Marcin Gortat,31.2,0,0,8.2,0.58,0.579,1.9,0.648,2.9,7.5,0.7,1.5,10.8,10.2,11.7,78.1,29,0,100,0,33.3,6.2,1,0.6,0.2,0,0,34.3,3.7,47.8,1,3.3,5.6,0.204,0.985,4.42,3.78
Jerami Grant,19.1,1.5,0.371,2.7,0.514,0.529,1.8,0.612,0.5,2.1,1,0.6,5.5,5.5,20.6,44.4,25.7,0.9,55.7,0.4,21.3,0.4,1,0.3,0.06,1.4,39.4,55.7,1.4,23.7,0.5,0.6,0.7,0.523,1,4.6,3.91
Jerian Grant,16.3,2.1,0.366,2.7,0.473,0.507,1.2,0.89,0.3,1.5,0.1,0.7,5.9,15.7,17.6,27,52.3,1,46.8,0.9,41.9,0.1,1.3,0.5,0.03,1.5,35.1,54.1,4.2,28,1.8,0.2,0.3,0.308,0.429,4.32,4.05
Danny Green,26.6,4.6,0.379,2,0.42,0.523,0.5,0.844,0.5,2.8,0.8,1.1,7.3,6,5.4,17.3,18.8,0.6,37.5,0.7,43.3,0.2,2.6,0.5,0.03,3.8,39.7,58.7,4.1,39.2,1.2,0.5,0.2,0.118,1,4.74,4.13
Draymond Green,32.5,3.5,0.308,5.1,0.494,0.481,2.8,0.709,1.3,6.6,1.4,2.4,10.2,1.8,19.5,47.4,21,1.2,26.1,0.6,27.2,2.3,3.9,1.2,0.17,3.3,32,47.3,16.8,75.8,2.5,2.6,2.4,0.135,0.749,4.32,3.49
JaMychal Green,27.3,1.9,0.379,4.6,0.549,0.555,2.2,0.802,2.2,4.9,0.4,1.2,8.9,13.6,19.4,43,31.6,0.4,48.1,0.1,16.7,1,1.5,0.5,0.16,1.7,40.9,60.4,2.6,42.6,0.9,1.6,2.1,0.224,0.951,4.38,3.96
Jeff Green,22.2,2.8,0.275,5.3,0.458,0.442,2.4,0.863,0.6,2.5,0.2,1.1,9.2,15.4,22.7,37,44.1,1.4,40.8,0.3,13.1,0.7,1,0.5,0.09,2.2,29.3,43.4,2.8,33.1,1.1,0.7,0.9,0.378,0.983,4.12,3.68
Blake Griffin,34,1.9,0.336,14.1,0.514,0.513,6.9,0.76,1.8,6.3,0.4,2.3,21.6,21,24.3,46,46.3,2,51.7,0.9,21.9,2.6,1.7,1.4,0.15,1.4,35.2,46.1,12,80.2,3,7,3.5,0.337,0.709,3.96,3.54
Justin Hamilton,18.4,2.8,0.306,3.1,0.598,0.532,0.8,0.75,1.1,3,0.7,0.7,6.9,5.9,8.8,48,18.4,0.2,35.7,0.2,33.3,1.4,0.9,0.3,0.03,2.7,32.7,49,2,32.7,0.6,0.9,1.8,0.305,1.063,5.06,4.03
Tim Hardaway,27.3,5.3,0.357,6.3,0.537,0.537,2.7,0.766,0.4,2.4,0.2,1.3,14.5,8.9,14.3,37.6,28.9,2.3,50,0.8,23.4,0.4,1.3,0.6,0.11,3.9,36.9,54.9,5.5,40.4,1.6,0.7,1.2,0.382,0.828,4.52,3.77
James Harden,36.4,9.3,0.347,9.6,0.53,0.525,10.9,0.847,1.2,7,0.5,5.7,29.1,5.5,31.7,29.5,81.9,5.3,54.8,3.2,30.3,0.5,2.9,1.1,0.11,2.3,38.3,57.2,27.1,99.2,8.9,0.8,0.4,0.515,0.5,4.06,3.3
Maurice Harkless,28.9,2.5,0.351,5.6,0.572,0.558,1.6,0.621,1.6,2.8,0.9,1.1,10,3.4,10,60.3,29.3,1.2,33,0.2,12.5,0.6,2.4,0.8,0.01,2.3,37.8,54.6,2.9,33.7,0.8,0.6,3.1,0.42,0.808,4.6,4.06
Montrezl Harrell,18.3,0.1,0.143,5.8,0.663,0.654,2.1,0.628,1.4,2.4,0.7,0.8,9.1,4.2,14.4,80.8,21.3,0.4,65.2,0.1,12.5,1.9,0.6,0.6,0.19,0.1,0,24.2,2.9,30.4,0.7,2.4,3.3,0.355,1.14,4.47,3.73
Devin Harris,16.7,2.7,0.328,2.5,0.476,0.484,2,0.829,0.2,1.8,0.1,0.9,6.7,6.9,24.5,28.8,37.5,1.2,40,1.6,48.1,0.3,1.3,0.5,0.18,1.9,36.4,54.9,5.1,29,1.5,0.7,0.5,0.085,0.906,4.42,3.7
Gary Harris,31.3,4.5,0.42,6.7,0.558,0.586,2.4,0.776,0.8,2.3,0.1,1.3,14.9,5.9,12.2,44.2,23.4,2.3,44.4,1.2,29.1,0.1,2.8,1,0,3.6,46.6,68.1,6.9,38.2,1.4,0.6,1.6,0.412,1,4.42,3.78
Joe Harris,21.9,4.3,0.385,2.7,0.489,0.543,0.9,0.714,0.3,2.5,0.2,1.1,8.2,3.7,8.2,28.5,16.9,1.1,41.8,0.7,31.4,0.2,1,0.5,0,3.4,39.5,58.2,2.5,29.5,0.9,0.5,0.7,0.783,0.737,5.2,4.02
Tobias Harris,31.3,3.8,0.347,9.1,0.537,0.532,2.8,0.841,0.8,4.3,0.5,1.2,16.1,19.5,14.4,41.3,39.3,2.9,50.2,0.7,16.1,1.1,1.6,0.7,0,3.6,35.9,53,4.1,58.3,1.8,1.8,1,0.358,1.16,4.72,3.75
Andrew Harrison,20.5,2.2,0.276,2.8,0.363,0.385,2.7,0.763,0.3,1.6,0.3,1.2,5.9,7.5,34.8,27.3,67.5,1.5,38.7,1.1,29.6,0.1,1.5,0.7,0.1,1.2,28.4,40.7,6.9,44.9,3.8,0.6,0.3,0.125,0.381,4.09,3.71
Gordon Hayward,34.5,5.1,0.398,10.7,0.506,0.536,5.9,0.844,0.7,4.7,0.3,1.9,21.9,15.5,22.6,34,48.4,2.6,47.9,1.6,30.3,0.3,1.7,1.1,0.01,3.4,38.5,55.6,8.6,62.5,3.3,2.4,2.5,0.474,1.044,4.58,3.71
Gerald Henderson,23.2,2.4,0.353,5.3,0.455,0.478,2.3,0.806,0.5,2.1,0.2,0.9,9.2,22.4,20.1,29.9,36.8,1.3,46.2,0.6,23.6,0.1,1.2,0.7,0.1,2,37.7,52.2,4,31.2,1.1,0.8,0.9,0.357,0.591,5.02,3.94
John Henson,19.4,0,0,5.3,0.516,0.515,1.8,0.692,1.6,3.5,1.3,0.9,6.8,6.1,18.9,75,27.7,0.1,40,0,0,1.9,1.2,0.4,0.02,0,0,25,2.3,24.4,0.6,4.3,4.5,0.089,0.862,4.28,3.87
Willy Hernangomez,18.4,0.2,0.267,6.3,0.538,0.533,1.7,0.728,2.4,4.6,0.5,1.4,8.2,7.2,15.5,75.3,38.6,0.2,46.7,0.1,22.7,2,1.4,0.6,0.03,0.2,28.6,41.8,3.3,38.9,0.9,3.3,3.5,0.252,0.853,4.67,4.02
Buddy Hield,23,4.6,0.391,4.7,0.461,0.523,0.9,0.842,0.4,2.9,0.1,1.2,10.6,11.3,7.4,30,40.4,1.4,42.6,0.8,32.9,0.1,1.1,0.8,0,2.9,41.4,60.1,3.5,33.2,1.4,0.8,0.5,0.406,1.023,5.11,4.14
Nene,17.9,0.1,0.333,5.8,0.624,0.621,2.9,0.589,1.4,2.8,0.6,1.1,9.1,10.5,19,69,15.9,0.3,54.5,0.2,35.9,2.8,1.5,0.7,0.15,0.1,28.6,41.9,2.6,29.3,0.6,2.3,3.7,0.427,1.036,4.53,3.87
Solomon Hill,29.7,3.4,0.348,2.6,0.428,0.481,1.6,0.805,0.6,3.2,0.4,1,7,3.2,18.3,28.4,31.7,1.1,38.5,0.5,22,0.5,2.3,0.8,0.01,3,37.3,55.4,4.1,34.9,1.2,0.4,0.6,0.03,1,4.44,3.82
Jrue Holiday,32.7,4.2,0.356,9.1,0.498,0.51,2.5,0.708,0.7,3.3,0.7,2.9,15.4,14.4,11.6,44.9,70.9,4.4,53.4,2.3,29.7,0.2,3.2,1.2,0.04,1.2,30.8,47,17.4,81.4,5.5,0.8,1.1,0.352,0.62,4.94,3.68
Justin Holiday,20,3.3,0.355,3.2,0.513,0.523,1,0.825,0.3,2.4,0.4,0.8,7.7,17.5,10.5,25.8,15.9,0.5,47.4,0.3,29.3,0.1,1.5,0.8,0.02,3,36,53.3,2.9,27.5,0.8,0.7,0.8,0.509,1.147,4.73,3.96
Rondae Hollis-Jefferson,22.6,0.9,0.224,6.1,0.463,0.447,3.2,0.751,1.2,4.6,0.6,1.5,8.7,10.7,28.1,54.5,45.5,1.8,41.5,0.9,24,0.7,2.1,1,0,0.7,22.6,31.2,4.8,46.6,1.5,0.8,2.5,0.508,0.707,4.93,4.08
Richaun Holmes,20.9,1.4,0.351,5.9,0.606,0.591,1.8,0.699,1.6,3.8,1,1,9.8,8.2,12.9,64.4,17.8,0.4,42.9,0,7.1,1.8,1.5,0.7,0.02,1.3,36,50,2.5,35.2,0.8,5.9,3.8,0.145,1.014,4.48,3.85
Rodney Hood,27,5.2,0.371,6.1,0.44,0.494,1.9,0.783,0.3,3.2,0.2,1.1,12.7,17.4,12,24.9,51.8,2.2,39.7,0.8,21.8,0.2,1,0.7,0,3.3,42.1,60.8,3.9,38.8,2.1,0.8,0.4,0.34,0.84,4.49,3.85
Al Horford,32.3,3.6,0.355,8.2,0.524,0.527,2,0.8,1.4,5.4,1.3,1.7,14,19.3,11.3,42.2,32.2,1.1,57.1,0.8,37.5,3.3,1.4,1,0,3.4,36.2,51.5,12,67.3,1.9,3.4,3.6,0.283,0.7,4.18,3.68
Dwight Howard,29.7,0,0,8.3,0.635,0.633,5.7,0.533,4,8.7,1.2,2.3,13.5,2.8,22.6,74.7,34.3,0.1,44.4,0.1,25,3.8,1.8,0.6,0,0,0,37.5,3.2,54.9,1.2,2.7,8,0.061,0.959,4.21,3.58
Serge Ibaka,30.7,4,0.391,8.4,0.522,0.543,1.6,0.856,1.6,5.2,1.6,1.3,14.8,24.7,9.1,34.4,25.1,0.5,39,0.2,23.1,2,0.9,0.5,0,3.9,38.2,53.4,2.3,49.7,1.1,2.2,2.9,0.414,0.871,4.3,3.72
Andre Iguodala,26.3,2.3,0.362,3.1,0.651,0.605,1.3,0.706,0.7,3.3,0.5,0.8,7.6,11.1,12.5,42.9,23.3,0.3,47.8,0.7,58.1,0.8,2.2,0.8,0.03,2,36.6,54.5,8.1,40.6,1.7,1.2,2,0.129,0.719,4.61,3.75
Ersan Ilyasova,26.1,4.9,0.353,6,0.496,0.511,2.5,0.778,1.4,4.5,0.3,1.4,13.1,14.4,15,30.8,18.8,0.8,45.2,0.1,5.1,1.6,1.9,0.5,0.44,3.8,38.5,55.5,4,51.1,1.1,3.1,2.3,0.236,0.914,4.67,3.71
Joe Ingles,24,3.4,0.441,2.1,0.471,0.589,0.8,0.735,0.3,2.9,0.1,1.3,7.1,4.8,8.6,23.1,35.8,1,51.8,1.3,47.7,0.3,2.3,0.8,0,2.4,46,68.4,6.6,36.4,1.6,0.6,0.4,0.18,0.25,4.3,3.9
Brandon Ingram,28.8,2.4,0.294,6.3,0.443,0.442,2.7,0.621,0.8,3.2,0.5,1.5,9.4,18.4,18,41.4,51.4,2,43,0.8,21.4,0.1,1.2,0.8,0.03,2,30.1,44.9,5,45.2,2.5,0.8,1,0.394,0.74,4.72,3.9
Kyrie Irving,35.1,6.1,0.401,13.6,0.505,0.535,4.6,0.905,0.7,2.5,0.3,2.5,25.2,21.6,16.4,32.8,69.6,5.5,51.4,2.6,27.6,0.6,2.6,1.3,0.04,2.3,47.9,68.5,14.4,79,6.4,1.1,1.3,0.573,0.733,4.32,3.64
Reggie Jackson,27.4,3.5,0.359,9.5,0.442,0.468,2.6,0.868,0.4,1.8,0.1,2.2,14.5,20.5,15.7,37.5,83.8,4.4,44.9,1.5,22,0.2,1.5,0.7,0.02,1.4,37.3,53.7,12.4,67.8,6.1,0,0.2,1,0.75,4.59,3.75
LeBron James,37.8,4.6,0.363,13.5,0.611,0.594,7.2,0.674,1.3,7.3,0.6,4.1,26.4,9.8,18.3,52.8,62.2,4.7,62.4,2.9,30.5,0.7,2.3,1.1,0.11,1.6,40.7,56.7,22.7,88.7,6.1,4.1,2.6,0.236,0.847,4.01,3.49
Richard Jefferson,20.4,2.4,0.333,2,0.58,0.536,1.4,0.741,0.4,2.2,0.1,0.7,5.7,2.7,17.9,37.9,15.7,0.6,44,0.5,35.7,0.3,0.8,0.5,0.09,2.1,36,52,2.4,25.7,0.6,0.7,1.4,0.208,0.63,3.9,3.84
Brandon Jennings,22.2,3.1,0.313,3.5,0.399,0.433,1.9,0.75,0.4,2.1,0,1.6,7.1,12.8,19.8,26.3,68.8,1.6,41.3,1.5,40.8,0,1.9,0.7,0.01,1.1,36.7,55.9,11.5,54.2,4.1,0.2,0.3,0.4,0.214,4.76,3.99
Jonas Jerebko,15.8,1.7,0.346,1.7,0.523,0.521,0.5,0.703,0.8,2.7,0.2,0.5,3.8,8.7,8.7,37.5,25.4,0.6,44.2,0.2,17.6,0.6,0.7,0.3,0.08,1.6,36.3,54.7,2.4,29.4,0.6,0.3,0.7,0.08,0.833,4.69,3.88
Amir Johnson,20.1,0.8,0.409,3.8,0.612,0.612,1.3,0.67,1.5,3.1,0.8,1,6.5,1.5,12.9,70,21.1,0.4,45.7,0.1,9.1,2.4,1.3,0.6,0.06,0.7,42.9,58.1,4.3,30.8,0.7,1.5,2.9,0.103,1.056,4.18,3.76
James Johnson,27.4,3.4,0.34,6.8,0.548,0.535,2.8,0.707,0.9,4.1,1.1,2.3,12.8,8.4,15.6,49.2,54.6,3.1,57.1,1.4,23.8,2,2.2,0.8,0.05,2.6,38.1,56,8.9,57.8,2.4,1.7,0.8,0.333,0.733,4.64,3.74
Joe Johnson,23.6,3.3,0.411,4.7,0.454,0.521,1,0.818,0.4,2.7,0.2,0.9,9.2,15.9,8.8,30.8,57.5,1.5,49.6,0.8,31.7,0.3,0.9,0.5,0,2.6,42.2,62.4,4.5,35.5,1.5,0.9,0.7,0.429,0.453,4.36,3.57
Stanley Johnson,17.8,2,0.292,2.7,0.398,0.415,0.7,0.679,0.5,2,0.3,0.9,4.4,22.4,10.6,27.1,45,0.7,47.2,0.6,37.2,0.1,1.4,0.4,0,1.6,31,43.8,3.2,24.8,0.8,0.3,0.2,0.25,0.158,4.56,4.09
Tyler Johnson,29.8,3.4,0.372,7.9,0.46,0.49,3.5,0.768,0.7,3.3,0.6,1.2,13.7,15.6,19.5,37.1,41.7,2.7,46,1.6,31.4,0.3,2.1,1.1,0.08,3.1,38.9,53.5,7.7,57.2,3.1,1.6,0.9,0.422,0.552,4.61,3.99
Nikola Jokic,27.9,1.9,0.324,9.8,0.628,0.605,3.1,0.825,2.9,6.9,0.8,2.3,16.7,13.8,15.4,59.8,40.1,1.1,52.4,0.2,13.2,3.5,1.8,0.8,0,1.5,35.2,55.9,11.4,68.3,2.2,5.8,4.3,0.277,1.107,4.54,3.64
Terrence Jones,23.5,1.4,0.253,7.7,0.508,0.489,3.1,0.606,1.2,4.5,1,0.9,10.8,8.2,17.6,64.4,32.9,1.8,52.6,0.2,8.3,1.6,1.1,0.6,0,1.1,28.8,42.2,2.6,38.7,1.2,2,2.4,0.434,1.07,4.32,3.75
DeAndre Jordan,31.7,0,0,7.1,0.717,0.714,5.2,0.482,3.7,10.1,1.7,1.4,12.7,0,19.9,80.1,27.7,0.1,42.9,0,9.1,5.5,1.2,0.6,0,0,0,60,2.9,51.3,1,2.4,5.1,0.126,1.265,3.98,3.58
Cory Joseph,25,1.7,0.356,6.6,0.477,0.489,1.5,0.77,0.6,2.3,0.2,1.4,9.3,21.9,12.7,45.9,69.9,2.8,49.3,2.1,36.1,0.3,1.4,0.8,0.05,1.3,39.4,58.8,8.2,53.6,4.2,0.4,0.9,0.323,0.135,4.85,4.22
Frank Kaminsky,26.1,4.7,0.328,6,0.455,0.471,2.1,0.756,0.8,3.7,0.5,1,11.7,6.4,13.5,40.3,23.8,1.5,50.9,0.5,20.2,2.8,1.1,0.6,0.07,4.5,34.3,49.7,5.3,52,1.2,2.1,2.1,0.255,0.937,4.9,3.71
Enes Kanter,21.3,0.5,0.132,9.7,0.568,0.549,4,0.786,2.7,4,0.5,1.7,14.3,8.7,21.7,68.2,49.8,0.3,55,0.1,25.7,1.5,1,0.5,0,0.5,13.9,37.8,2.4,33.9,1.1,1.3,4.1,0.489,0.902,4.37,3.87
Michael Kidd-Gilchrist,29,0.1,0.111,7.5,0.483,0.478,2.4,0.784,1.9,5,1,0.7,9.2,22.1,20.5,57.1,29.2,1.4,43.4,0.5,19.4,0.3,1.7,1,0.1,0.1,14.3,38.2,3.5,35.6,1,0.7,2,0.316,0.885,4.66,4.28
Sean Kilpatrick,25.1,4.4,0.341,6.1,0.468,0.486,3.5,0.843,0.3,3.7,0.1,1.9,13.1,8.5,22.2,35,45.6,2.7,47,1.3,26.2,0.1,1.2,0.6,0.09,3,34.5,50.4,5.8,45,2.4,0.4,0.8,0.571,0.642,4.63,3.85
Brandon Knight,21.1,2.6,0.324,7.1,0.425,0.441,2.9,0.857,0.5,1.7,0.1,1.6,11,19.2,22.2,36,75.6,2.7,45.8,1.2,24,0,0.8,0.6,0.06,1.3,32.8,48.6,5.9,45.7,3,0.4,0.4,0.2,0.429,4.74,4.02
Kyle Korver,26.2,5.4,0.451,2.3,0.494,0.621,0.6,0.905,0.1,2.7,0.3,1,10.1,16.8,5.6,5.9,4.6,0.1,25,0.1,29.4,0.5,1.1,0.6,0.16,4.2,45.4,63.7,3.8,29.5,0.6,0.9,0.8,0.579,0.472,4.56,3.87
Kosta Koufos,20,0,0,5.5,0.552,0.551,0.9,0.613,1.7,4,0.7,0.9,6.6,2.1,8.1,89.8,27.3,0.1,60,0,11.1,1.8,1.1,0.3,0,0,0,34.4,1.5,29.1,0.7,2.7,4.5,0.197,0.814,4.4,4.06
Jeremy Lamb,18.4,2.4,0.281,5.6,0.536,0.502,2.1,0.853,0.5,3.8,0.4,0.6,9.7,20.6,18.2,40.8,57.1,2,56.2,0.7,21.6,0.1,1,0.4,0.03,1.4,32.6,49.1,2.9,28.2,1.5,0.6,0.5,0.811,1.133,4.64,4.07
Ty Lawson,25.1,1.7,0.288,5.9,0.502,0.487,3.1,0.797,0.6,2,0.1,1.9,9.9,22.6,25.4,37,73,2.1,54.8,4.2,56.6,0.2,1.9,1.1,0.01,1.1,28.9,45.3,11.7,60.2,4.7,0.6,0.5,0.154,0.424,4.33,3.84
Courtney Lee,31.9,3.5,0.401,5.6,0.49,0.533,1.3,0.867,0.7,2.7,0.3,0.9,10.8,24.9,10.2,26.1,35.5,1.2,40,0.5,23.6,0.1,2,0.9,0.01,3,40.7,58,5.5,42.7,1.7,1.2,0.5,0.4,0.714,4.39,3.99
David Lee,18.7,0,0,5.3,0.59,0.59,1.4,0.708,1.9,3.7,0.5,1,7.3,10.1,13.9,76,30.2,0.3,39.1,0.1,14.7,1.6,0.8,0.5,0.04,0,0,38.5,3.9,35.7,0.8,2.7,2.6,0.273,1.039,4.41,3.9
Alex Len,20.3,0.2,0.25,5.9,0.503,0.5,2.7,0.721,2,4.6,1.3,1.3,8,9.1,24.5,64.9,36.5,0.1,50,0,0,3.3,0.8,0.5,0,0.1,37.5,35.3,1.4,30.4,0.6,1.9,4.2,0.283,0.833,4.52,3.75
Kawhi Leonard,33.4,5.2,0.38,12.5,0.529,0.541,7.2,0.88,1.1,4.7,0.7,2.1,25.5,23.5,24.8,28.3,52.4,2.6,51,2.5,39.1,0.4,3.4,1.4,0,3.2,42.9,61.4,8.8,57.5,3.4,1.8,1.6,0.485,0.877,4.84,3.88
Meyers Leonard,16.5,2.9,0.347,2.2,0.436,0.484,0.5,0.875,0.4,2.8,0.4,0.5,5.4,17,8.7,19,12.3,0.1,40,0,33.3,2.8,0.7,0.2,0.04,2.5,35.1,49.6,2.4,28,0.6,1.3,1.2,0.162,0.644,4.02,3.57
Jon Leuer,25.9,2.2,0.293,6.4,0.545,0.518,1.5,0.867,1.4,4,0.3,0.9,10.2,21.4,12.8,46.7,22.3,0.6,51.1,0.4,30.1,1.7,0.8,0.6,0.01,2.2,29.5,44.8,3.4,46.7,1.2,1.7,2.3,0.233,1.076,4.8,3.98
Caris LeVert,21.7,3.2,0.321,3.4,0.571,0.528,1.6,0.72,0.4,2.9,0.1,1,8.2,8.1,14.3,39.7,51.5,1.4,55,1.3,39.5,0.1,1.8,0.7,0.04,1.9,34.6,50,5,30.7,1.4,0.3,0.3,0.133,0.765,4.71,3.88
Damian Lillard,35.9,7.7,0.37,12.1,0.492,0.516,7.3,0.895,0.6,4.3,0.3,2.6,27,12.4,24.1,31.8,68.1,5.8,50.9,2.3,23.6,0.2,2.1,1,0.15,2.5,42.9,63.3,14.2,86.5,7.8,0.9,0.7,0.522,0.765,4.66,3.58
Shaun Livingston,17.7,0,0.333,4.1,0.55,0.549,0.8,0.7,0.4,1.6,0.3,0.8,5.1,35,10.8,53.5,48.6,0.3,56,0.2,30.2,0.5,1,0.6,0.01,0,50,51.9,4.2,35,1.9,0.6,1.9,0.378,0.685,4.82,3.77
Brook Lopez,29.6,5.2,0.346,10.5,0.536,0.531,4.9,0.81,1.6,3.8,1.7,2.5,20.5,7.1,19.2,47.6,38,1.6,52,0.2,6.2,2.2,1.1,0.8,0,4.6,34.3,52.9,5.8,51.2,1.6,2.9,3.5,0.43,1.076,4.31,3.67
Robin Lopez,28,0,0,9.5,0.494,0.493,1.3,0.721,3,3.4,1.4,1.1,10.4,29.6,8.9,61.5,31.9,0.2,55,0.1,20.7,2.7,0.5,0.6,0,0,0,45,2.3,33.9,0.8,3.1,4.3,0.271,0.711,4.28,3.75
Kevin Love,31.4,6.5,0.373,8,0.471,0.51,4.9,0.871,2.5,8.6,0.4,2,19,11.4,22.5,28,27.8,0.7,54.8,0.3,18.1,1.1,1.6,1.2,0.12,5.8,39.5,56,4.5,61.7,1.6,2.8,3.4,0.202,0.757,4.25,3.84
Kyle Lowry,37.4,7.8,0.412,7.5,0.518,0.569,6.1,0.819,0.8,4,0.3,2.9,22.4,6.4,22.2,28.3,68.3,4.5,55.1,4.1,39.8,0.8,3.7,1.2,0.25,3.2,41.9,61.7,16.3,85,6.5,0.6,0.8,0.297,0.204,4.32,3.59
Timothe Luwawu-Cabarrot,17.2,2.3,0.311,2.9,0.475,0.471,1.8,0.854,0.4,1.8,0.1,1.1,6.4,0.4,23.6,42.2,23.4,1.4,45.4,0.6,23,0.1,1,0.6,0,2.1,32.4,48.3,2.5,23.6,0.7,0.3,0.8,0.667,0.927,5.31,4.16
Trey Lyles,16.3,2.9,0.319,3.3,0.4,0.436,1.1,0.722,0.7,2.6,0.3,0.9,6.2,9.5,13,33.2,37.1,1.3,41.6,0.5,23.6,0.5,0.7,0.3,0,2.6,33.3,50.5,2.6,33.1,0.9,0.9,0.5,0.098,0.471,4.41,3.88
Shelvin Mack,21.9,2.2,0.308,4.7,0.51,0.495,1.4,0.688,0.4,1.9,0.1,1.6,7.8,14,12.3,47.9,61.2,2.5,52.2,2.2,39.4,0.2,1.6,0.6,0.02,1.2,32.3,48.6,6.9,51.2,3.7,0.3,0.5,0.235,0.577,4.71,4.11
Wesley Matthews,34.2,6.6,0.363,5,0.432,0.496,2.5,0.816,0.2,3.3,0.2,1.4,13.5,12.4,14.8,19.9,42,1.5,39.4,1.5,39.6,0.4,2.6,1,0.19,4.8,37.6,55.4,7.1,49.9,1.9,0.8,0.6,0.283,0.791,4.3,3.78
Luc Mbah a Moute,22.3,1.4,0.391,3.4,0.552,0.562,1.1,0.678,0.6,1.6,0.4,0.6,6.1,15.7,12.2,45.5,15.2,0.8,45.9,0.3,17.5,0.6,1.9,0.7,0.03,1.3,39,54.6,1.1,19.9,0.5,0.5,1.1,0.59,0.955,4.38,3.96
C.J. McCollum,35,5.5,0.421,12.5,0.506,0.544,3.7,0.912,0.8,2.9,0.5,2.2,23,25,14.6,30.2,61.1,4.4,51.1,1.5,21.9,0.3,1.5,1.1,0.04,3.3,42.3,61.6,8.8,64.7,4.6,0.9,0.6,0.693,0.7,5.02,3.84
T.J. McConnell,26.3,0.7,0.2,5.6,0.492,0.472,1.1,0.811,0.5,2.6,0.1,2,6.9,17.6,13.1,63.3,72.5,3,52.7,3.3,47,0.2,3.5,1.3,0.05,0.5,21.6,34.8,16.1,80.7,5.3,0.5,1.1,0.27,0.28,5.36,4.05
Doug McDermott,22.8,3.2,0.37,4.4,0.502,0.524,1.3,0.845,0.3,2.4,0.1,0.6,9,18.2,12,30.7,15.8,0.8,47.1,0.1,7.7,0.2,0.5,0.3,0,2.9,37.6,55.3,2.2,25.7,0.5,0.7,0.8,0.489,1.3,4.91,4.05
Rodney McGruder,25.2,2.8,0.332,3.1,0.488,0.492,0.9,0.62,1.2,2.1,0.2,0.7,6.4,5.6,8.9,41.4,33.2,0.9,37.7,0.7,37.2,0.3,1.3,1,0,2.5,35.4,51.2,3.8,27.1,0.8,0.6,1.2,0.149,0.596,4.83,4.3
Ben McLemore,19.3,2.8,0.382,4.1,0.462,0.507,1.5,0.753,0.3,1.8,0.1,1,8.1,17.4,14.1,29.1,22.8,0.8,40,0.3,22.6,0.2,1.3,0.4,0.05,2.2,37.5,54,2,26.6,0.9,1.1,0.9,0.522,0.855,4.71,4.19
C.J. Miles,23.4,5.4,0.413,3.1,0.471,0.565,1.2,0.903,0.4,2.6,0.3,0.5,10.7,8.6,10.3,18.9,19.9,0.9,39.4,0.2,14,0.2,1.2,0.6,0.12,4.8,42.6,60.2,1.5,26.7,0.6,0.9,0.4,0.357,0.879,4.3,3.71
Patty Mills,21.9,4.4,0.414,3.3,0.474,0.558,1,0.825,0.3,1.5,0,1.3,9.5,16.1,8.7,17.1,30.8,0.6,50,0.9,51.8,0.1,1.4,0.7,0.11,2.8,41.2,60,7.9,51.5,3.2,0.7,0.5,0.169,0.634,5.29,4.06
Paul Millsap,34,3.5,0.311,10.6,0.486,0.481,5.9,0.768,1.6,6.1,0.9,2.3,18.1,15.7,25,41.3,37.4,2.2,35.6,1.1,25.1,2.8,3,1.1,0.07,3.1,31.2,45,8.8,64.9,2.2,5.2,3.2,0.268,0.803,4.4,3.76
Nikola Mirotic,24,5.4,0.342,3.5,0.52,0.516,1.8,0.773,0.9,4.6,0.8,1.1,10.6,7.3,13.3,27.4,17.1,0.7,47.9,0.2,18.3,0.8,1.5,0.7,0.04,4.7,33.7,48.4,2.6,49.7,1,0.6,1.7,0.267,0.784,4.56,3.79
Greg Monroe,22.5,0,0,8.9,0.536,0.533,3,0.741,2.1,4.5,0.5,1.7,11.7,8.6,18.6,72.8,41.9,0.3,34.6,0.1,20,1.6,2.1,0.8,0.22,0,0,46.7,5.4,34.4,1.1,7.6,5.6,0.157,0.857,3.95,3.9
E'Twaun Moore,24.9,2.8,0.37,5.6,0.501,0.519,1,0.77,0.5,1.6,0.4,0.8,9.6,16.3,8.1,42.6,45.2,1.8,50,1.1,33.5,0.1,1.5,0.7,0.01,2.4,37,53.9,5.3,32.1,1.4,1.1,0.7,0.506,0.688,4.66,3.91
Marcus Morris,32.5,4.5,0.331,8.2,0.466,0.477,2.3,0.784,1,3.7,0.3,1.1,14,33.8,13.1,21,47,1.1,52.9,0.2,13,0.6,1.4,0.8,0.08,3.4,37.1,54.6,4.6,48.9,1.3,1.5,0.9,0.5,0.547,4.55,3.79
Markieff Morris,31.2,2.6,0.362,9.1,0.483,0.497,2.8,0.837,1.4,5.1,0.6,1.7,14,19.2,16.9,43.8,33.7,0.9,45.1,0.2,11.7,1.6,2.1,0.8,0.04,2.4,37,49.6,3.9,42.2,1.1,3.1,2.9,0.321,1.045,3.9,3.58
Timofey Mozgov,20.4,0,0,6.1,0.517,0.515,1.4,0.808,1.9,3,0.6,1.3,7.4,20,15.7,64.3,25.4,0.2,60,0,6.7,2.5,0.6,0.3,0.02,0,0,48.8,1.9,29.1,0.8,2.7,3.6,0.385,0.753,4.71,4.05
Emmanuel Mudiay,25.6,3.2,0.315,6.8,0.408,0.428,3,0.784,0.5,2.7,0.2,2.2,11,9,21.7,41.5,48.6,3,41.7,2.3,34,0.2,1.2,0.5,0.02,2.3,35.8,53,8.8,58.7,4.3,0.4,0.7,0.417,0.725,4.92,3.8
Shabazz Muhammad,19.4,1.9,0.338,5.8,0.528,0.523,2.4,0.774,1.1,1.7,0.1,0.7,9.9,8,19,53.9,27.4,1,38.5,0.1,6.9,0.1,0.5,0.5,0,1.8,31.9,46.4,1.1,18.8,0.6,0.2,2,1.167,0.931,4.31,4.22
Jamal Murray,21.5,4.2,0.334,4.7,0.466,0.483,1.5,0.883,0.5,2.1,0.3,1.4,9.9,11.6,13.1,32.8,42.7,1.7,47.9,0.7,22.8,0.1,1.1,0.7,0.06,2.5,36.9,54.7,5,36.4,2.2,0.4,0.5,0.556,0.795,5.03,4.06
Mike Muscala,17.7,1.6,0.418,3.2,0.546,0.573,0.9,0.766,1.1,2.3,0.6,0.8,6.2,15.6,11.3,41.4,11.2,0.1,44.4,0.1,39.1,1.4,0.8,0.3,0.04,1.5,41.7,55.1,3.4,29.2,0.5,1.9,2.4,0.237,0.733,4.92,3.99
Larry Nance,22.9,0.6,0.278,5.2,0.554,0.54,1.3,0.738,1.9,4,0.6,0.9,7.1,17.8,13.1,62.4,23.2,0.1,25,0.1,33.3,2,2.7,0.9,0,0.5,29.4,42.2,3.7,37.1,0.8,3.6,2.6,0.15,0.782,4.76,3.96
Jameer Nelson,27.3,3.6,0.388,4.4,0.489,0.531,0.8,0.714,0.4,2.2,0.1,1.7,9.2,18,6.6,29.1,51.5,1.9,51.1,3.3,58,0.2,1.2,0.8,0.07,1.9,44.8,65.2,12.3,58.1,4.4,0.4,0.5,0.613,0.514,4.37,3.44
Nerlens Noel,20.5,0,0,6,0.597,0.595,2.2,0.694,1.8,3.9,1,1,8.7,8.5,17.3,74.2,25.5,0.2,41.7,0.1,17.4,2.2,2.7,0.9,0.04,0,0,37.7,2.3,30.3,0.7,2.7,3.2,0.204,1.213,4.33,3.83
Lucas Nogueira,19.1,0.2,0.25,2.5,0.694,0.67,1.2,0.657,1.4,2.8,1.6,0.8,4.4,1.6,17.4,77.5,21.4,0.1,66.7,0.1,44.4,3.7,1.6,0.5,0,0.2,27.3,36.1,2,21.1,0.3,1.1,2.3,0.063,1.024,4.36,3.83
Dirk Nowitzki,26.4,3.9,0.378,8.7,0.463,0.495,2.1,0.875,0.4,6.1,0.7,0.9,14.2,41.6,12.7,14.8,16.9,0.1,40,0,0,3.1,1.3,0.4,0,3.5,38.8,53.4,3.9,48,1,3.4,1.1,0.404,0.842,3.71,3.38
Jusuf Nurkic,21.4,0,0,8.2,0.508,0.507,3.2,0.571,2.4,4.8,1.1,2.2,10.2,5.4,18.1,76.4,39.5,0.3,52.9,0.1,18.2,2.9,1.9,0.5,0,0,0,35.4,4.4,44.3,1.2,2.7,4.2,0.37,0.773,4.44,3.77
Kyle O'Quinn,15.6,0.2,0.118,5,0.538,0.523,1.1,0.771,2,3.6,1.3,1,6.3,23,12.9,62.9,33.5,0.2,33.3,0.1,29.2,1.4,0.8,0.6,0.01,0.2,15.4,41.8,3.3,30.1,0.8,2.9,2,0.204,0.89,4.25,3.79
Victor Oladipo,33.2,5.3,0.361,8.7,0.491,0.51,2.3,0.753,0.6,3.8,0.3,1.8,15.9,16.1,10.9,37.3,43.2,2.4,41.1,0.8,20.8,0.2,2.3,1.3,0.12,4.4,37.1,54.1,6.1,46.7,2.3,1.7,1.1,0.321,1.014,4.5,3.92
Kelly Olynyk,20.5,2.6,0.354,4.2,0.608,0.579,1.6,0.732,1,3.8,0.4,1.3,9,7.4,13.3,49.3,21.9,0.8,57.1,0.5,30.1,1.5,1.3,0.6,0.19,2.3,37.8,53.2,4.8,42.8,1,1.1,2.4,0.213,1.05,4.53,3.8
Kelly Oubre,20.3,2.4,0.287,3.2,0.52,0.482,1.3,0.758,0.8,2.5,0.2,0.6,6.3,10.4,15,42.3,32.8,0.8,38.1,0.1,11.2,0.2,2.5,0.8,0.08,2.1,29.1,43.9,1.5,22.5,0.6,0.4,0.7,0.5,0.737,4.32,4.03
Zaza Pachulia,18.1,0,0,4.4,0.538,0.534,1.8,0.778,2,3.9,0.5,1.2,6.1,8.5,23,68.5,19.5,0.2,58.3,0,10,3.5,1.8,0.8,0,0,0,39.5,4.5,30.6,0.7,3,3.4,0.198,0.788,4.53,3.81
Jabari Parker,33.9,3.5,0.365,12.5,0.525,0.53,4.3,0.743,1.5,4.6,0.4,1.8,20.1,12.9,15.8,52.3,33.8,3.9,46.5,1.5,23.4,0.6,2,1.2,0,3,36.8,50.7,6.7,64.9,2,2.8,2.3,0.389,0.878,4.69,3.93
Tony Parker,25.2,1.1,0.333,7.9,0.484,0.486,1.9,0.726,0.1,1.7,0,1.4,10.1,28.5,13.3,47.3,68.7,3.6,46.8,2.8,38.1,0.1,0.9,0.6,0,1,35,54.7,10.5,60.9,5.2,1.1,0.8,0.29,0.128,4.95,3.9
Patrick Patterson,24.6,3.9,0.372,2,0.458,0.523,0.9,0.717,1,3.6,0.4,0.6,6.8,6.7,9.7,20.2,20.1,0.6,57.1,0.2,18.9,1.9,1.3,0.4,0.09,3.7,37,55,3,37.5,0.6,0.6,0.4,0.051,0.667,4.33,3.68
Chris Paul,31.5,5,0.411,7.9,0.518,0.555,4.3,0.892,0.7,4.3,0.1,2.4,18.1,29.7,21,15.6,78.6,1.7,53.8,2.5,50.2,0.2,3.5,1.5,0.03,1.1,49.3,69.1,21.7,86.2,7.2,1.4,0.6,0.241,0.353,4.28,3.5
Elfrid Payton,29.4,1.8,0.274,9.3,0.509,0.493,2.6,0.692,1.1,3.6,0.5,2.2,12.8,11.3,14,63.3,79.5,4.8,51.3,3.2,34.6,0.3,2.6,1.2,0,1.5,26,38.2,14.9,71.9,5.8,0.5,0.7,0.605,0.561,4.68,4.08
Mason Plumlee,26.5,0.1,0,7.6,0.541,0.536,3.7,0.58,2.1,5.4,1.1,1.7,10.4,5.7,20.7,73.6,28.1,0.6,39.2,0.3,26.7,4.3,1.9,0.7,0.11,0,0,28.3,8.4,47.9,1.6,4.3,4.4,0.224,0.86,4.59,3.81
Otto Porter,32.6,4.3,0.434,5.8,0.576,0.608,1.5,0.832,1.5,5,0.5,0.6,13.4,18.8,9.2,30.7,22.7,0.6,52.2,0.3,23.8,0.6,2.9,1.2,0.05,4,44.4,64.2,3.6,42.4,1,1.5,1.8,0.47,0.7,4.71,4.04
Bobby Portis,15.6,1.5,0.333,4.4,0.541,0.531,0.9,0.661,1.2,3.5,0.2,0.6,6.8,23.8,8.9,45.3,29.5,0.4,50,0,3.2,0.9,0.6,0.4,0,1.4,35.6,49,1.3,31.6,0.6,0.6,1.4,0.105,0.879,4.71,4.06
Kristaps Porzingis,32.8,4.8,0.357,10.2,0.493,0.507,3.8,0.786,1.7,5.5,2,1.8,18.1,19.7,16.6,35.6,25.3,1.1,42.3,0.2,12.7,2.1,1.5,0.9,0,4.4,37.2,52.5,3.7,60.5,1.5,4,3.3,0.423,1.047,4.4,3.7
Dwight Powell,17.3,1,0.284,3.9,0.571,0.542,1.8,0.759,1.2,2.8,0.5,0.4,6.7,10.5,20.7,56.6,14.4,0.4,46.7,0.1,14.3,2,1.5,0.4,0.03,0.9,30,38.1,1.6,26.5,0.6,1.5,2.1,0.345,1.102,4.54,4
Norman Powell,18,2.3,0.324,4.4,0.514,0.504,2.1,0.792,0.3,1.9,0.2,0.9,8.4,6.6,19.8,47.2,56.8,2.4,52,0.9,22.1,0.1,1.4,0.7,0,1.9,34.3,50,2.6,24.2,1.1,0.2,0.4,0.143,0.767,4.68,4.02
Julius Randle,28.8,0.9,0.27,9.6,0.507,0.499,3.8,0.723,2,6.6,0.5,2.3,13.2,7.6,20.9,66.3,49.1,2.5,45.7,0.7,18,3,1.3,1,0,0.7,29.6,44.8,9.1,57.5,2.2,3.3,2.5,0.299,0.852,4.46,3.6
Zach Randolph,24.5,1.3,0.223,11.9,0.474,0.46,2.6,0.731,2.5,5.7,0.1,1.4,14.1,22.2,13.7,58,49.7,0.8,35.7,0,4.7,1.9,1.4,0.8,0.01,1.1,22.2,37.9,4.2,46.4,1.5,4.7,3.8,0.219,0.928,3.94,3.82
J.J. Redick,28.2,6,0.429,5.4,0.462,0.558,2.6,0.891,0.1,2.1,0.2,1.3,15,22.3,15.3,10.9,11.4,0.9,45.8,0.4,22,0.4,1.4,0.6,0.08,4.3,44.9,61.6,3.3,36.4,1,1.1,0.3,0.463,0.095,4.9,3.99
Josh Richardson,30.5,4.3,0.33,5.4,0.444,0.467,1.5,0.779,0.7,2.5,0.7,1.2,10.2,20.4,11.1,26.7,43.1,1.9,42.2,1.7,40.6,0.3,2.5,1,0,3.7,33.8,46.7,6.3,50.7,2.9,0.6,0.6,0.364,0.387,4.51,3.9
Austin Rivers,27.8,4,0.371,5.8,0.491,0.518,2.6,0.691,0.3,1.9,0.1,1.6,12,4.5,14.8,43.2,62.2,3.9,49.5,1.2,19.6,0.1,1.5,0.7,0.03,2.4,40.2,59.6,6.8,50.1,3.3,0.6,0.6,0.152,0.465,4.36,3.89
Andre Roberson,30.1,2.3,0.245,3.5,0.609,0.513,1.4,0.423,1.2,3.9,1,0.6,6.6,0.8,9,64.4,19.1,0.6,39.1,0.2,19.5,0.3,2.5,0.8,0,2.2,24.7,36.2,2.5,33.4,0.7,0.6,2.1,0.159,0.79,4.67,4.16
Glenn Robinson,20.7,1.8,0.392,3.1,0.512,0.54,1.1,0.711,0.8,2.7,0.3,0.5,6.1,20.5,12.9,31.5,25.3,0.3,47.8,0.3,33.3,0.1,1,0.5,0.01,1.7,40.9,58.5,1.7,22.9,0.6,0.4,0.8,0.375,0.875,4.68,4.16
Sergio Rodriguez,22.3,3.7,0.365,4.2,0.415,0.478,0.4,0.667,0.3,2,0.1,1.9,7.8,17.4,3.4,27.2,64.3,1.7,47.9,2.1,49.3,0.2,1.3,0.7,0.01,1.4,38.9,56.9,12,64.7,4.7,0.4,0.3,0.167,0.286,5.61,3.93
Rajon Rondo,26.7,1.9,0.376,6.2,0.418,0.453,0.7,0.6,1.1,4.1,0.2,2.4,7.8,16,5.6,50.6,59.8,3,46.9,2.9,43.4,0.3,2.9,1.1,0.07,1.5,41,56.4,15.3,72.4,4.9,0.7,0.8,0.16,0.143,4.37,3.87
Derrick Rose,32.5,0.9,0.217,14.3,0.487,0.477,4,0.874,1,2.8,0.3,2.3,18,21.7,19.2,55.8,77,5.9,51.2,2.4,24.1,0.4,1.4,1.2,0.06,0.6,20.5,32.1,10.8,78.8,5.8,0.7,0.8,0.409,0.833,4.49,3.79
Terrence Ross,25.1,5,0.363,4.6,0.518,0.532,1,0.831,0.2,2.4,0.4,0.9,11,19.8,7.5,23.1,33.7,1,47.3,0.4,25.2,0.1,2.2,0.6,0,3.9,36.5,52.8,2.7,28.2,0.9,0.8,0.1,0.525,1.455,4.7,3.88
Terry Rozier,17.1,2.4,0.318,3.1,0.405,0.437,0.9,0.773,0.5,2.5,0.1,0.6,5.5,13.7,12.4,32.2,49,1.1,36.1,0.8,36.5,0.2,1.1,0.6,0,1.6,36.7,54.6,4.2,37.6,2.5,0.4,0.3,0.429,0.714,4.82,4.11
Ricky Rubio,32.9,2.6,0.306,6.1,0.443,0.448,3.8,0.891,0.9,3.2,0.1,2.6,11.1,28.7,30.4,19.4,57.5,1.6,43.6,3.4,55.8,0.3,3.8,1.2,0.12,2.2,32.5,47.3,20.6,83.6,7.5,0.5,0.5,0.342,0.235,4.52,3.94
D'Angelo Russell,28.7,6.1,0.352,7.7,0.447,0.483,3,0.782,0.5,3,0.3,2.8,15.6,16.5,14.9,27.4,59.5,2.4,46,0.7,18.2,0.3,2.6,0.9,0.02,3,37,55.6,11.7,70.9,4.8,0.5,0.8,0.788,0.667,4.79,3.87
Domantas Sabonis,20.1,2,0.321,4,0.438,0.452,0.8,0.657,0.6,3,0.4,1,5.9,13.8,9.2,45.1,27.6,0.8,41.3,0.4,28.8,1.1,0.9,0.6,0,1.9,32.5,45.6,2.5,33.2,0.7,1,1.3,0.321,0.667,4.77,3.71
Dario Saric,26.3,4.2,0.311,7.2,0.469,0.468,2.7,0.782,1.4,5,0.4,2.3,12.8,10,16.5,42.9,37.3,2.1,51.5,1.5,31.1,1,1.1,0.9,0.01,3.6,31.9,45.3,5.5,60.3,1.7,3.2,1.9,0.25,0.825,4.82,3.97
Dennis Schroder,31.5,3.7,0.34,11.6,0.487,0.493,3.2,0.855,0.5,2.6,0.2,3.3,17.9,19.2,15.4,44.1,70.6,6.8,50.4,3.5,28.5,0.3,1.6,1.2,0.16,1.9,39.1,58.9,15,81.1,6.7,0.5,0.5,0.205,0.459,4.74,3.83
Thabo Sefolosha,25.7,1.9,0.342,4.4,0.484,0.492,1.2,0.733,0.9,3.5,0.5,0.9,7.2,14.4,12.4,45.5,28.2,1,49.2,0.9,39.3,0.5,2.8,0.9,0.02,1.7,34.6,47.3,4.2,38.1,1.3,1.2,1.4,0.25,0.828,4.66,3.94
Iman Shumpert,25.5,3.4,0.36,3,0.469,0.507,1.2,0.789,0.5,2.4,0.4,1,7.5,19.4,12.5,18.3,40.3,0.9,51.4,0.5,26.5,0.4,1.9,0.5,0,2.8,35.2,51.1,3.5,27.6,1.2,0.3,0.4,0,0.074,4.29,4.01
Pascal Siakam,15.6,0.1,0.143,3.6,0.515,0.505,0.6,0.688,1.2,2.2,0.8,0.6,4.2,17.5,9.6,71.6,33,0.3,57.1,0,10,0.8,1.3,0.4,0,0.1,14.3,35.7,0.6,20.7,0.4,0.8,1.5,0.273,0.639,4.78,4.21
Jonathon Simmons,17.8,1.3,0.294,4.1,0.461,0.456,1.7,0.75,0.3,1.8,0.3,1,6.2,13.3,20.5,47.6,40.7,1.7,45.7,1,28.7,0.2,1.1,0.4,0.1,1,31.3,44.6,4.2,26.9,1.3,0.4,0.5,0.464,0.514,4.62,3.86
Marcus Smart,30.4,4.2,0.283,5.3,0.42,0.422,3.2,0.812,1,2.9,0.4,2,10.6,7.9,24.3,34,41.3,1.6,32.3,1.2,35.7,0.3,3,0.9,0.29,3.1,31.2,45.8,11.2,58.1,3.3,0.8,2.1,0.143,0.565,4.25,3.66
Ish Smith,24.1,1.3,0.267,8,0.467,0.458,1.3,0.706,0.3,2.6,0.4,1.4,9.4,30.6,9.5,48.8,83,3.2,46.5,2.8,41.8,0.3,1.5,0.9,0.1,0.8,33.3,51.4,12.5,63.5,5.3,0.1,0.2,0,0.25,5.27,3.81
Tony Snell,29.2,4.4,0.406,2.3,0.548,0.588,0.7,0.81,0.3,2.8,0.2,0.7,8.5,8.2,6.9,21.7,14.6,0.6,47.1,0.3,23,0.2,1.7,0.7,0.03,4.1,42.2,61.6,2.9,27.2,0.8,0.4,0.6,0.382,0.932,3.99,3.92
Marreese Speights,15.7,3.4,0.372,3.3,0.52,0.539,1.7,0.876,1.1,3.5,0.5,0.8,8.7,6.8,16.9,32.9,20.1,0.3,50,0,9.3,1.2,0.6,0.3,0.41,3.2,37.6,54.1,2,29.2,0.6,1,1.5,0.266,0.992,4,3.63
Nik Stauskas,27.4,4.5,0.368,3.4,0.433,0.5,1.9,0.813,0.3,2.6,0.4,1.6,9.5,6.1,16.1,25.4,33.9,1.8,42.1,2.1,43,0.2,1.1,0.7,0,2.8,41.2,61,5.7,42.4,1.6,0.5,0.6,0.351,0.72,5.07,3.9
Jeff Teague,32.4,3.1,0.357,8,0.475,0.492,5.1,0.867,0.4,3.6,0.4,2.6,15.3,10.2,28.7,39.6,79.1,4.8,44.5,3.3,34.4,0.5,2.6,1.1,0.16,1.4,37.6,55.3,18.2,77,6.7,0.7,0.3,0.211,0.444,4.19,3.53
Mirza Teletovic,16.2,4.4,0.341,1.6,0.46,0.498,0.6,0.778,0.2,2.2,0.2,0.5,6.4,8,7.8,15.1,10.3,0.5,42.4,0.5,41.5,0.3,0.4,0.3,0.03,3.9,34.9,51.6,1.6,25.5,0.5,0.2,0.4,0.118,0.692,4.6,3.77
Garrett Temple,26.6,3.4,0.373,3.3,0.476,0.519,1.1,0.784,0.5,2.3,0.4,1.2,7.8,12.6,11.5,27.3,30.6,0.5,54.8,0.7,51.2,0.3,2.6,0.7,0.05,2.8,39.3,56.2,5.9,40.9,1.7,0.8,0.8,0.388,0.725,4.51,3.91
Jason Terry,18.4,2.3,0.427,1,0.444,0.582,0.4,0.828,0.2,1.2,0.3,0.5,4.1,4.6,7.8,16.3,17.1,0.3,48,0.5,53.5,0.5,1.2,0.5,0,2,43.5,64.3,3.2,21.8,0.7,0.6,0.3,0.233,0.15,4.56,3.97
Isaiah Thomas,33.8,8.5,0.379,10.9,0.528,0.546,8.5,0.909,0.6,2.1,0.2,2.8,28.9,6.7,26.8,33,56.5,6.5,51.2,3.8,29.8,0.4,1.5,1.1,0.05,3.6,40.4,59,14.5,84.7,6.7,1.2,0.3,0.604,0.65,4.6,3.58
Klay Thompson,34,8.3,0.414,9.3,0.516,0.565,2.8,0.853,0.6,3,0.5,1.6,22.3,19.2,10.7,24,16.5,1.3,47.6,1.1,36,0.5,1.4,1,0,7.1,43.8,62.1,4.8,48.4,1.6,2.3,2.2,0.635,1.083,4.92,3.76
Tristan Thompson,29.9,0,0,5.6,0.604,0.6,2.7,0.498,3.7,5.5,1.1,0.8,8.1,2.2,16.8,81,29,0.3,40,0.1,18.8,4.8,0.9,0.9,0,0,0,10,2.6,39.4,0.8,3,3.5,0.226,1.04,4.5,3.99
Anthony Tolliver,22.7,3.5,0.391,1.9,0.537,0.57,1.3,0.744,0.8,2.9,0.3,0.9,7.1,4.3,13.2,23.9,14.8,0.3,50,0.2,29.2,1.1,1.1,0.5,0.2,3.4,39.7,57.8,2.7,33.6,0.8,3.3,1.1,0.047,0.929,4.6,3.87
Karl-Anthony Towns,37,3.4,0.367,14.7,0.582,0.576,5.2,0.832,3.6,8.7,1.3,2.6,25.1,12,17.3,56,35.8,2,51.2,0.4,13.6,2.9,1.1,1,0,3,39.3,55.7,6.2,71.9,2,4.5,5.7,0.454,0.977,4.25,3.86
P.J. Tucker,27.6,2.4,0.357,3.5,0.451,0.485,1.1,0.774,1.4,4.4,0.2,0.8,6.7,8.1,13.3,39.6,35.7,0.8,32.8,0.3,23.6,0.8,2.7,1.1,0.1,2.2,37.1,55.8,3,38,0.9,0.6,1.3,0.273,0.578,4.17,3.8
Evan Turner,25.5,1.8,0.263,6.7,0.47,0.454,1.6,0.825,0.6,3.2,0.4,1.5,9,28.7,14.5,41,72.8,1.8,50.8,1,30.2,0.3,1.6,0.8,0.02,1.6,24.8,38.6,7.4,45,2.6,0.7,0.6,0.289,0.561,4.57,3.78
Myles Turner,31.4,1.4,0.348,9.3,0.536,0.534,3.7,0.809,1.7,5.6,2.1,1.3,14.5,24.7,20.9,44.2,17.3,0.2,75,0.1,13.2,3.6,1.8,0.6,0.01,1.3,34,46.3,3.3,49.3,1.1,3.8,5.2,0.387,0.993,4.51,3.73
Tyler Ulis,18.4,1.3,0.266,5.9,0.455,0.445,1.2,0.775,0.3,1.2,0.1,1.3,7.3,39.6,12.4,33.8,84.2,1.6,43,1.6,45.3,0,1.5,0.7,0.03,0.5,35.5,51.5,8.7,44.4,3.4,0.3,0.3,0.111,0.1,4.67,4.06
Jonas Valanciunas,25.8,0,0.5,8.8,0.557,0.558,2.7,0.811,2.8,6.7,0.8,1.3,12,14.4,18.4,66.9,38.4,0.2,58.3,0.1,26.1,3.6,0.9,0.7,0.03,0,50,50.8,1.8,46.5,1.2,2.2,4.5,0.313,1.056,4.23,3.84
Denzel Valentine,17.1,3.6,0.351,1.4,0.363,0.481,0.3,0.778,0.2,2.5,0.1,0.9,5.1,6.2,4.8,13.7,20.6,0.4,36,0.3,32.1,0.1,1,0.4,0.02,2.6,37.4,56.4,2.7,20.9,0.8,0.1,0.3,0,0.533,4.67,3.99
Noah Vonleh,17.1,0.3,0.35,3.4,0.492,0.494,1.3,0.638,1.8,3.5,0.4,0.9,4.4,14.1,18.3,61.2,40,0.3,52.4,0.1,27.3,1.7,0.8,0.7,0.01,0.2,37.5,47.4,1.1,24.1,0.5,1.2,1.9,0.264,0.674,4.71,4.05
Nikola Vucevic,28.8,1,0.307,12.7,0.481,0.48,2.1,0.669,2.3,8,1,1.6,14.6,35.6,9.8,48.4,36.4,1,50,0.3,21.1,3.3,1.9,0.7,0,1,30.1,43.2,6.9,65.7,1.7,4.2,4.8,0.407,0.721,4.23,3.7
Dwyane Wade,29.9,2.4,0.31,13.5,0.456,0.457,4.7,0.794,1.1,3.5,0.7,2.3,18.3,27.2,20.3,40.1,63.8,3.5,47.1,1.6,26.3,0.1,2.4,1,0.02,0.9,30.9,49.5,8.9,55.3,3.2,1.5,1.3,0.448,0.684,4.38,3.59
Kemba Walker,34.7,7.6,0.399,10.7,0.476,0.527,4.5,0.847,0.6,3.3,0.3,2.1,23.2,13.3,16.6,30.7,68.3,5.5,48.5,2.7,28.8,0.3,2.2,1.2,0.35,2.7,47.7,70.2,13.5,88.1,8,0.5,0.5,0.351,0.538,4.6,3.58
John Wall,36.4,3.5,0.327,14.9,0.48,0.482,6.8,0.801,0.8,3.4,0.6,4.1,23.1,18.9,23.4,42.9,79.3,5.3,51.8,3.9,32.6,0.1,3.9,1.7,0.06,1.6,36.6,53.1,25.3,88.3,8.9,0.5,0.2,0.282,0.333,4.07,3.42
Taurean Prince,16.6,1.7,0.324,3.1,0.443,0.458,1.6,0.787,0.4,2.2,0.5,1,5.7,9,22.1,39.4,29.8,1.5,37.1,0.7,23.2,0.1,1.4,0.6,0.05,1.4,34.5,52.7,2.2,20.9,0.7,0.3,0.4,0.5,0.87,4.41,3.79
T.J. Warren,31,1.5,0.265,10.8,0.527,0.511,2.3,0.773,1.9,3.2,0.6,0.9,14.4,22.3,12.5,57,43.9,2.1,48.5,0.3,10.7,0.1,2.2,1,0,1.2,27.8,46.4,2.6,40.8,1.3,1.6,1.2,0.53,1.104,4.57,4.11
C.J. Watson,16.3,1.7,0.305,2.3,0.448,0.452,1.1,0.864,0.3,1.2,0,0.8,4.5,22.8,20.3,22.8,45.8,0.4,44,0.5,41,0.1,1.5,0.4,0.06,1.1,22.7,36.4,4.6,26.3,1.4,0.4,0.4,0.36,0.923,4.73,3.86
Russell Westbrook,34.6,7.2,0.343,16.8,0.459,0.476,10.4,0.845,1.7,9,0.4,5.4,31.6,16.9,27.8,31.9,81.2,5,48,3.8,33.4,0,2.9,1.4,0.04,1.7,37.6,51.4,23.8,99.5,8.9,1.9,1.3,0.639,0.291,4.72,3.52
Isaiah Whitehead,22.5,2,0.295,4.9,0.446,0.445,1.5,0.805,0.4,2.1,0.5,1.9,7.4,7.4,16.8,51.6,57.4,2.9,45,1.2,24,0.1,1.5,0.6,0.16,1.1,39.2,56.7,6.5,39.6,2.4,0.2,0.3,0.364,0.476,4.84,3.97
Hassan Whiteside,32.6,0,0,12.6,0.557,0.557,4.6,0.628,3.8,10.3,2.1,2,17,8.7,17.2,74.1,41.5,0.3,47.6,0,3.4,3.2,1.5,0.8,0.01,0,0,35.8,1.7,45.6,1.1,2.6,7.8,0.328,1.002,3.86,3.67
Andrew Wiggins,37.2,3.5,0.356,15.6,0.473,0.484,6.6,0.76,1.2,2.8,0.4,2.3,23.6,23.1,21.3,39.6,53.6,3.9,46.5,1.4,19.3,0.3,1.7,1,0,2.1,40.6,58.1,5.6,51.4,2.7,1.8,2.6,0.571,0.938,4.2,3.64
Deron Williams,25.9,3.7,0.363,5.7,0.486,0.509,1.7,0.826,0.2,2.1,0.1,2.2,11,24,12.8,26.8,63.5,2.1,46.6,1.5,36.5,0.7,1.3,0.6,0.09,2.2,38.6,54.9,13.6,66.2,5.4,0.9,0.6,0.232,0.35,4.38,3.57
Lou Williams,24.6,5.5,0.365,6.8,0.48,0.511,5.6,0.88,0.3,2.2,0.2,2,17.5,7.5,28.3,29.8,61.9,3.4,52,1.3,23.3,0.1,1.7,0.9,0.04,2.4,37.6,55.3,6.5,44,2.6,0.3,0.4,0.5,0.75,4.45,3.6
Marvin Williams,30.2,4.7,0.35,4.6,0.494,0.51,2,0.873,1.2,5.4,0.7,0.8,11.2,7.3,15.4,33.5,17.5,1.2,55.1,0.2,12.2,1.8,1.7,0.6,0.03,4.4,35.6,52.8,3.6,61.4,1,1.6,1.3,0.295,1.01,4.82,3.76
Nick Young,25.9,7,0.404,3.5,0.481,0.564,1.5,0.856,0.4,1.9,0.2,0.6,13.2,13.4,9.7,12.4,22.8,0.6,42.9,0.3,26.9,0.4,1.6,0.5,0.03,4.7,44.2,65.4,2.4,32.3,1.1,0.4,0.3,0.385,0.7,4.29,3.76
Thaddeus Young,30.2,1.6,0.381,7.7,0.557,0.56,1.2,0.523,1.8,4.3,0.4,1.3,11,6.6,5.5,71.3,24,0.8,50,0.2,15.1,1.6,2.9,1.2,0.12,1.5,38.4,49.7,4,50.5,1.2,2.8,4.2,0.214,0.869,4.55,3.96
Cody Zeller,27.8,0,0,7.1,0.572,0.571,3.2,0.679,2.2,4.4,0.9,1,10.3,5.3,20.8,73.9,20.2,0.8,43.1,0.2,18.8,5.9,2,1.1,0.03,0,0,28.3,3.9,30.5,0.7,5.1,3.4,0.317,0.976,4.67,3.85
